{
    "accuracy": 0.9555373453055311,
    "loss": 0.1511632952895928
}