{
    "accuracy": 0.9510261034581994,
    "loss": 0.23395453545387787
}