{
    "accuracy": 0.955956031741166,
    "loss": 0.15465674965976994
}